gender,img_url
male,https://randomuser.me/api/portraits/men/1.jpg
male,https://randomuser.me/api/portraits/men/2.jpg
male,https://randomuser.me/api/portraits/men/3.jpg
male,https://randomuser.me/api/portraits/men/4.jpg
male,https://randomuser.me/api/portraits/men/5.jpg
male,https://randomuser.me/api/portraits/men/6.jpg
male,https://randomuser.me/api/portraits/men/7.jpg
male,https://randomuser.me/api/portraits/men/8.jpg
male,https://randomuser.me/api/portraits/men/9.jpg
male,https://randomuser.me/api/portraits/men/10.jpg
male,https://randomuser.me/api/portraits/men/11.jpg
male,https://randomuser.me/api/portraits/men/12.jpg
male,https://randomuser.me/api/portraits/men/13.jpg
male,https://randomuser.me/api/portraits/men/14.jpg
male,https://randomuser.me/api/portraits/men/15.jpg
male,https://randomuser.me/api/portraits/men/16.jpg
male,https://randomuser.me/api/portraits/men/17.jpg
male,https://randomuser.me/api/portraits/men/18.jpg
male,https://randomuser.me/api/portraits/men/19.jpg
male,https://randomuser.me/api/portraits/men/20.jpg
male,https://randomuser.me/api/portraits/men/21.jpg
male,https://randomuser.me/api/portraits/men/22.jpg
male,https://randomuser.me/api/portraits/men/23.jpg
male,https://randomuser.me/api/portraits/men/24.jpg
male,https://randomuser.me/api/portraits/men/25.jpg
male,https://randomuser.me/api/portraits/men/26.jpg
male,https://randomuser.me/api/portraits/men/27.jpg
male,https://randomuser.me/api/portraits/men/28.jpg
male,https://randomuser.me/api/portraits/men/29.jpg
male,https://randomuser.me/api/portraits/men/30.jpg
male,https://randomuser.me/api/portraits/men/31.jpg
male,https://randomuser.me/api/portraits/men/32.jpg
male,https://randomuser.me/api/portraits/men/33.jpg
male,https://randomuser.me/api/portraits/men/34.jpg
male,https://randomuser.me/api/portraits/men/35.jpg
male,https://randomuser.me/api/portraits/men/36.jpg
male,https://randomuser.me/api/portraits/men/37.jpg
male,https://randomuser.me/api/portraits/men/38.jpg
male,https://randomuser.me/api/portraits/men/39.jpg
male,https://randomuser.me/api/portraits/men/40.jpg
male,https://randomuser.me/api/portraits/men/41.jpg
male,https://randomuser.me/api/portraits/men/42.jpg
male,https://randomuser.me/api/portraits/men/43.jpg
male,https://randomuser.me/api/portraits/men/44.jpg
male,https://randomuser.me/api/portraits/men/45.jpg
male,https://randomuser.me/api/portraits/men/46.jpg
male,https://randomuser.me/api/portraits/men/47.jpg
male,https://randomuser.me/api/portraits/men/48.jpg
male,https://randomuser.me/api/portraits/men/49.jpg
male,https://randomuser.me/api/portraits/men/50.jpg
male,https://randomuser.me/api/portraits/men/51.jpg
male,https://randomuser.me/api/portraits/men/52.jpg
male,https://randomuser.me/api/portraits/men/53.jpg
male,https://randomuser.me/api/portraits/men/54.jpg
male,https://randomuser.me/api/portraits/men/55.jpg
female,https://randomuser.me/api/portraits/women/1.jpg
female,https://randomuser.me/api/portraits/women/2.jpg
female,https://randomuser.me/api/portraits/women/3.jpg
female,https://randomuser.me/api/portraits/women/4.jpg
female,https://randomuser.me/api/portraits/women/5.jpg
female,https://randomuser.me/api/portraits/women/6.jpg
female,https://randomuser.me/api/portraits/women/7.jpg
female,https://randomuser.me/api/portraits/women/8.jpg
female,https://randomuser.me/api/portraits/women/9.jpg
female,https://randomuser.me/api/portraits/women/10.jpg
female,https://randomuser.me/api/portraits/women/11.jpg
female,https://randomuser.me/api/portraits/women/12.jpg
female,https://randomuser.me/api/portraits/women/13.jpg
female,https://randomuser.me/api/portraits/women/14.jpg
female,https://randomuser.me/api/portraits/women/15.jpg
female,https://randomuser.me/api/portraits/women/16.jpg
female,https://randomuser.me/api/portraits/women/17.jpg
female,https://randomuser.me/api/portraits/women/18.jpg
female,https://randomuser.me/api/portraits/women/19.jpg
female,https://randomuser.me/api/portraits/women/20.jpg
female,https://randomuser.me/api/portraits/women/21.jpg
female,https://randomuser.me/api/portraits/women/22.jpg
female,https://randomuser.me/api/portraits/women/23.jpg
female,https://randomuser.me/api/portraits/women/24.jpg
female,https://randomuser.me/api/portraits/women/25.jpg
female,https://randomuser.me/api/portraits/women/26.jpg
female,https://randomuser.me/api/portraits/women/27.jpg
female,https://randomuser.me/api/portraits/women/28.jpg
female,https://randomuser.me/api/portraits/women/29.jpg
female,https://randomuser.me/api/portraits/women/30.jpg
female,https://randomuser.me/api/portraits/women/31.jpg
female,https://randomuser.me/api/portraits/women/32.jpg
female,https://randomuser.me/api/portraits/women/33.jpg
female,https://randomuser.me/api/portraits/women/34.jpg
female,https://randomuser.me/api/portraits/women/35.jpg
female,https://randomuser.me/api/portraits/women/36.jpg
female,https://randomuser.me/api/portraits/women/37.jpg
female,https://randomuser.me/api/portraits/women/38.jpg
female,https://randomuser.me/api/portraits/women/39.jpg
female,https://randomuser.me/api/portraits/women/40.jpg
female,https://randomuser.me/api/portraits/women/41.jpg
female,https://randomuser.me/api/portraits/women/42.jpg
female,https://randomuser.me/api/portraits/women/43.jpg
female,https://randomuser.me/api/portraits/women/44.jpg
female,https://randomuser.me/api/portraits/women/45.jpg
male,https://randomuser.me/api/portraits/men/56.jpg
male,https://randomuser.me/api/portraits/men/57.jpg
male,https://randomuser.me/api/portraits/men/58.jpg
male,https://randomuser.me/api/portraits/men/59.jpg
female,https://randomuser.me/api/portraits/women/46.jpg
female,https://randomuser.me/api/portraits/women/47.jpg
